{"cameraMode":{"drawMode":0,"name":"Shaded","section":"Shading Mode"},"sceneLighting":false,"audioPlay":false,"sceneViewState":{"showFog":true,"showMaterialUpdate":false,"showSkybox":false,"showFlares":true,"showImageEffects":true,"showParticleSystems":true},"in2DMode":false,"pivot":{"x":3.7313883304595949,"y":-7.874599456787109,"z":-164.61322021484376},"rotation":{"x":0.009880969300866127,"y":0.9788907766342163,"z":-0.19823700189590455,"w":0.048789337277412418},"size":10.444038391113282,"orthographic":false}