{"cameraMode":{"drawMode":0,"name":"Shaded","section":"Shading Mode"},"sceneLighting":false,"audioPlay":false,"sceneViewState":{"showFog":true,"showMaterialUpdate":false,"showSkybox":false,"showFlares":true,"showImageEffects":true,"showParticleSystems":true},"in2DMode":false,"pivot":{"x":171.604736328125,"y":-146.69149780273438,"z":255.50302124023438},"rotation":{"x":-0.18828321993350984,"y":0.5756635069847107,"z":-0.1383201628923416,"w":-0.7836003303527832},"size":504.773193359375,"orthographic":false}