{"cameraMode":{"drawMode":0,"name":"Shaded","section":"Shading Mode"},"sceneLighting":true,"audioPlay":false,"sceneViewState":{"showFog":true,"showMaterialUpdate":false,"showSkybox":false,"showFlares":true,"showImageEffects":true,"showParticleSystems":true},"in2DMode":false,"pivot":{"x":-69.36331176757813,"y":-2.450000762939453,"z":1.0238208770751954},"rotation":{"x":0.05392829701304436,"y":0.9256429076194763,"z":-0.1444540172815323,"w":0.3455650508403778},"size":201.8330841064453,"orthographic":false}