{"cameraMode":{"drawMode":0,"name":"Shaded","section":"Shading Mode"},"sceneLighting":false,"audioPlay":false,"sceneViewState":{"showFog":true,"showMaterialUpdate":false,"showSkybox":false,"showFlares":true,"showImageEffects":true,"showParticleSystems":true},"in2DMode":false,"pivot":{"x":282.9576721191406,"y":10.79764175415039,"z":409.5486145019531},"rotation":{"x":-0.1284932643175125,"y":0.8081472516059876,"z":-0.19161935150623322,"w":-0.5419187545776367},"size":478.4405517578125,"orthographic":false}