{"cameraMode":{"drawMode":0,"name":"Shaded","section":"Shading Mode"},"sceneLighting":true,"audioPlay":false,"sceneViewState":{"showFog":true,"showMaterialUpdate":false,"showSkybox":true,"showFlares":true,"showImageEffects":true,"showParticleSystems":true},"in2DMode":false,"pivot":{"x":269.8910827636719,"y":-81.22090911865235,"z":31.737503051757814},"rotation":{"x":0.05392829701304436,"y":0.9256429076194763,"z":-0.1444540172815323,"w":0.3455650508403778},"size":2202.436767578125,"orthographic":false}