{"cameraMode":{"drawMode":0,"name":"Shaded","section":"Shading Mode"},"sceneLighting":true,"audioPlay":false,"sceneViewState":{"showFog":true,"showMaterialUpdate":false,"showSkybox":false,"showFlares":true,"showImageEffects":true,"showParticleSystems":true},"in2DMode":false,"pivot":{"x":-13.689376831054688,"y":19.2354736328125,"z":-8.95306396484375},"rotation":{"x":-0.13094744086265565,"y":-0.8687931299209595,"z":0.34892767667770388,"w":-0.3260989785194397},"size":1179.631103515625,"orthographic":false}