{"cameraMode":{"drawMode":0,"name":"Shaded","section":"Shading Mode"},"sceneLighting":false,"audioPlay":false,"sceneViewState":{"showFog":true,"showMaterialUpdate":false,"showSkybox":false,"showFlares":true,"showImageEffects":true,"showParticleSystems":true},"in2DMode":false,"pivot":{"x":-24.19851303100586,"y":4.952752590179443,"z":-23.364219665527345},"rotation":{"x":-0.24043633043766023,"y":-0.7595475316047669,"z":0.4134388267993927,"w":-0.44116947054862978},"size":569.4261474609375,"orthographic":true}