{"cameraMode":{"drawMode":0,"name":"Shaded","section":"Shading Mode"},"sceneLighting":false,"audioPlay":false,"sceneViewState":{"showFog":true,"showMaterialUpdate":false,"showSkybox":false,"showFlares":true,"showImageEffects":true,"showParticleSystems":true},"in2DMode":false,"pivot":{"x":-69.36331176757813,"y":-2.450000762939453,"z":1.0238208770751954},"rotation":{"x":0.001622148440219462,"y":-0.83964604139328,"z":0.003245185362175107,"w":0.5433869957923889},"size":201.8330841064453,"orthographic":true}