{"cameraMode":{"drawMode":0,"name":"Shaded","section":"Shading Mode"},"sceneLighting":false,"audioPlay":false,"sceneViewState":{"showFog":true,"showMaterialUpdate":false,"showSkybox":true,"showFlares":true,"showImageEffects":true,"showParticleSystems":true},"in2DMode":false,"pivot":{"x":-234.13128662109376,"y":-281.1954345703125,"z":-346.33990478515627},"rotation":{"x":-0.005775412544608116,"y":0.9194713830947876,"z":-0.3928820490837097,"w":-0.013516372069716454},"size":2157.609375,"orthographic":false}