{"cameraMode":{"drawMode":0,"name":"Shaded","section":"Shading Mode"},"sceneLighting":false,"audioPlay":false,"sceneViewState":{"showFog":true,"showMaterialUpdate":false,"showSkybox":false,"showFlares":true,"showImageEffects":true,"showParticleSystems":true},"in2DMode":false,"pivot":{"x":289.848876953125,"y":1.5103832483291627,"z":413.4405517578125},"rotation":{"x":0.13234461843967439,"y":0.5428513884544373,"z":-0.08694013208150864,"w":0.8248471021652222},"size":12.72835922241211,"orthographic":true}