{"cameraMode":{"drawMode":0,"name":"Shaded","section":"Shading Mode"},"sceneLighting":false,"audioPlay":false,"sceneViewState":{"showFog":true,"showMaterialUpdate":false,"showSkybox":false,"showFlares":true,"showImageEffects":true,"showParticleSystems":true},"in2DMode":false,"pivot":{"x":261.447509765625,"y":73.10513305664063,"z":15.852279663085938},"rotation":{"x":0.05013243854045868,"y":-0.9039251804351807,"z":0.4102104902267456,"w":0.11072394251823425},"size":2341.6064453125,"orthographic":true}